﻿ID,Name of Toy,Description,Vendor,Category,Inventory Qty,Price in USD
1,Circuit Cubes - Robots Roll !,"Circuit Cubes Robots Roll! Kids learn the basics of mechanical engineering and circuits as they engage in unprescribed, creative play. Build 7 different vehicles ( 3 bonus builds online ) with the contents of this multi-vehicle launch kit. This kit includes a rechargeable Bluetooth Battery Cube, 3 Geared Motor Cubes, RGB LED Cube, and 160 parts. Combine the kit parts with your imagination and existing LEGO to create your own vehicle, mech monster, and other animated creations! 
The Bluetooth Battery Cube has built-in wireless connectivity. The switch on the Bluetooth Cube has 3 positions, ON/OFF/BLUETOOTH. Move it to ON and the LED on top turns green and it's ready to power your builds. Move the switch to BLUETOOTH and the LED flashes blue waiting to be paired with your device. Just launch the Circuit Cubes App  and open the Bluetooth screen by tapping on the icon in the upper right. Once you pair the Bluetooth Cube with your smartphone or tablet, the LED turns blue. You are now in remote control of all three outputs with the app. Included:.  -Bluetooth Cube, 3 Motor Cubes, RGB LED Cube.  -Bricks, wheels, gears, &amp; wires1.  -Instructions  &amp; parts for 7+ builds.  -80+ hours of creative STEM play.  -Seamless circuit connectivity (no soldering).  -Safety tested &amp; approved for ages 8+.  -Created by STEM teachers, tested &amp; approved by kids",Tundra,Robots,8,91.67
2,Circuit Cubes - STEM Starter Kit,"The Circuit Cubes STEM Starter Kit was created especially for educators, science clubs, after-school programs and homeschoolers, but it's ideal for anyone looking for hours of creative STEM learning through play. The STEM Starter Kit contains everything you need to make the 10 suggested projects, including our rechargeable Classic Battery, Geared Motor, and LED cubes, along with instructions and a box full of cool parts and accessories. it's kind of like getting our greatest hits, all in one box. And since Circuit Cubes are designed to fit your LEGO® and MegaBloks®-type construction bricks, you can build and build again! We're also working on a new batch of STEM lesson plans that you can download for free...stay tuned! 
PRODUCT DETAILS: 
Includes Motor, LED, and rechargeable Classic Battery Cubes 
Includes all materials and directions for 10 projects-find more ideas on our  BUILDS  page! 
Fits your bricks! Works with all LEGO® and MegaBloks®-type construction bricks 
120+ hours of creative play 
Seamless circuit connectivity (no soldering) 
Safety-tested &amp; approved 
Created by STEM teachers, tested by kids 
Ages 8+ 
Download the instructions 
Download the lesson plans 
",Tundra,Robots,4,69.44
3,Circuit Cubes - Mechs Move!,"Circuit Cubes Mechs MOVE! Kids learn the basics of mechanical engineering and circuits as they engage in unprescribed, creative play. Build at least three different Mechs with the contents of this multi-creature launch kit. This kit includes a rechargeable Battery Cube, Motor Cube, and 54 parts (bricks, gears, axels, and connection wires) to start your Circuit Cubes creation journey. Combine the Launch Kit contents with your imagination and existing LEGO parts to create your own vehicle, mech monster, or animated creation. 
Included: - Battery Cube &amp; Motor Cube - Bricks, gears, axels &amp; wires.  -Instructions  for 3 builds &amp; more! - 80+ hours of creative play - Seamless circuit connectivity (no soldering) - Safety tested &amp; approved for ages 8+ - Created by STEM teachers, tested &amp; approved by kids",Tundra,Robots,8,63.89
4,Circuit Cubes - Gears Go!,"Circuit Cubes Gears GO! Kids learn the basics of mechanical engineering and circuits as they engage in unprescribed, creative play. B uild at least five different vehicles with the contents of this multi-vehicle launch kit. This kit comes with a rechargeable Battery Cube, Motor Cube, RGB LED Cube, and a total of 71 parts (bricks, wheels, gears, axels, vehicle templates, connection wires). Combine the launch kit contents with your imagination and existing LEGO parts to create your own vehicle, mech monster, and other animated creations! 
 Included: 
-  Motor Cube, RGB LED Cube, Battery Cube.  -Bricks, wheels, gears, wires &amp; vehicle templates.  -Instructions  for five vehicle projects &amp;  more !.  -80+ hours of creative play.  - Seamless circuit connectivity (no soldering) - Safety tested &amp; approved for ages 8+.  - Created by STEM teachers, tested &amp; approved by kids",Tundra,Robots,8,75
5,Circuit Cubes - Cube Combo,"The Cube Combo includes our classic Battery Cube  is the power source for your circuits. It has a positive and a negative terminal. When you turn on the power switch, it delivers approximately 3.7 - 4.2 volts DC to your circuit. 
Also included is our Geared Motor Cube . This mighty little motor actually rotates at more than 1,000 RPM (rotations per minute), but the tiny gears attached to the motor shaft reduce the rotations to about 75 RPM. This ensures maximum torque to turn the wheels or gears of your projects. 
The LED Cube  is a really bright light, making a perfect searchlight for your vehicle or beacon on top of your lighthouse. An LED is a polarity- sensitive device, which means current only flows in one direction. If the LED does not turn on when you connect the wires to the battery, try reversing the wires to reverse the current flow. 
Fits your bricks! Works with all LEGO® and MegaBloks®-type construction bricks 
Seamless circuit connectivity (no soldering) 
Safety-tested &amp; approved for ages 8+ 
Created by STEM teachers, tested by kids 
IMPORTANT SAFETY INFORMATION  Handle Circuit Cubes with care. They contain sensitive electronic components, including batteries, and can be damaged or cause injury if dropped, burned, punctured, crushed, disassembled, or if exposed to excessive heat or liquids. Do not use damaged Circuit Cubes. BATTERIES  Do not attempt to replace the batteries yourself. You may damage the batteries, which can overheat and cause injury. DISPOSAL  The lithium-ion batteries in your Battery Circuit Cube should be recycled by Tenka Inc. or an authorized service provider. For more information about Tenka Inc. lithium-ion batteries, visit Cube Care .",Tundra,Robots,4,55.56
6,Circuit Cubes - Bluetooth Upgrade,"Add Bluetooth app control to any build with the Circuit Cubes Bluetooth Upgrade Kit!  This kit comes with a Bluetooth Battery Cube, two Cubit Motors, and a total of 36 parts (bricks, wheels, gears, axels, connection wires). Combine this launch kit contents with your imagination and existing LEGO parts to create your own vehicle, mech monster, and other animated creations! 
The Bluetooth Battery Cube has built-in wireless connectivity. The switch on the Bluetooth Cube has 3 positions, ON/OFF/BLUETOOTH. Move it to ON and the LED on top turns green and it's ready to power your builds. Move the switch to BLUETOOTH and the LED flashes blue waiting to be paired with your device. Just launch the Circuit Cubes App  and open the Bluetooth screen by tapping on the icon in the upper right. Once you pair the Bluetooth Cube with your smartphone or tablet, the LED turns blue. You are now in remote control any of the three outputs with the app. 
 Included: 
-  Bluetooth Battery, Cubit Motors (2).  -Bricks, axles, rims, treads, pins, gears, &amp; wires.  - Seamless circuit connectivity (no soldering) - Safety tested &amp; approved for ages 8+.  - Created by STEM teachers, tested &amp; approved by kids",Tundra,Robots,4,52.78
7,Juego de Rompecabezas,"Exclusivo didáctico rompecabezas 3D en madera de animales salvajes. El juego consiste en formar el animal como se muestra en la carta. Ademas ayuda a desarrollar las siguientes habilidades: 
Desarrolla  la habilidad de asociación  armando al animal únicamente como esta en la carta 
Desarrolla  la percepción-visual  llevando cada pieza en su lugar 
Desarrolla  la interpretación y composición  armando las piezas por fuera de las reglas 
Desarrolla  las habilidades motrices 
Desarrolla  el pensamiento lógico y la creatividad 
Especificaciones técnicas: 
Contiene cartas con los animales que están en las fotos. 
Piezas completamente en madera 
 Medidas caja: 21x25x5 cms 
Contiene 20 tarjetas 
",https://jugandoaprendemos.co,Puzzle,3,8.33
8,Tetris de la Selva,"Este exclusivo tetris de madera desarrolla habilidades esenciales en nuestros hijos/as. Elevará su imaginación y ademas: 
Este rompecabezas tetris es muy novedoso ya que ademas de estimular  la concentración  trae divertidos animales para que los niños jueguen. 
Promueve  la coordinación mano-ojo. 
Fomenta en el niño  habilidades motoras finas. 
Estimula las habilidades de  resolución de problemas. 
Desarrolla  el reconocimiento de color y forma. 
Especificaciones técnicas: 
Material: madera. 
Medidas: 20 x 20 Cms. 
",https://jugandoaprendemos.co,Puzzle,2,9.72
9,Tangram,"
Con este divertido juego didáctico los niños tienen un acercamiento a las matemáticas 
Potencian conceptos de geometrí­a plana 
Promueve el desarrollo de capacidades psicomotrices e intelectuales de los niños 
Permite ligar de manera lúdica la manipulación concreta de materiales con la formación de ideas abstractas 
Especificaciones técnicas: 
Material: madera 
Incluye 7 piezas 
Medidas: 15 x 15 cms 
",https://jugandoaprendemos.co,Puzzle,1,2.78
10,Tablero Multipropósito,"Este exclusivo tablero con múltiples propósitos ayuda a promover el juego independiente y divertirse al mismo tiempo mientras desarrolla las siguientes habilidades: 
Desarrolla  las habilidades del lenguaje 
Desarrolla  las habilidades cognitivas  identificando los colores y las figuras 
Desarrolla  el pensamiento lógico  asociando las palabras con las figuras 
Desarrolla  la imaginación  inventando historias con las diferentes figuras 
Desarrolla  la concentración y la memoria 
Especificaciones técnicas: 
Hecho completamente en madera 
Incluye borrador y marcador 
Incluye figuras imantadas 
",https://jugandoaprendemos.co,Story,3,9.17
11,Tablero Magnético Cuenta Cuentos,"Con este exclusivo tablero multifuncional magnético tu pequeño podrá desarrollar las siguientes habilidades: 
Desarrolla  el pensamiento lógico 
Promueve  las habilidades cognitivas 
Estimula  la imaginación y la memoria. 
Exclusivo para practicar en casa  las formas y colores 
Estimula la  coordinación mano-ojo 
Especificaciones técnicas: 
Tablero magnético 
 Medidas 29,5 x 22,5 cm 
Incluye Marcador borrable 
Contiene figuras magnéticas armables de animales 
Incluye laberinto de reloj, estaciones de clima 
Contiene manual de formas 
",https://jugandoaprendemos.co,Story,1,14.17
12,Tablero Magnético Ciudad,"Con este exclusivo tablero magnético multifuncional ciudad tu pequeño podrá desarrollar las siguientes habilidades: 
Desarrolla  el pensamiento lógico 
Promueve  las habilidades cognitivas  identificando los colores 
Estimula  la imaginación y la memoria. 
Exclusivo para practicar en casa  las formas y objetos 
Estimula la  coordinación mano-ojo 
Especificaciones técnicas: 
Tablero magnético para marcador en un lado 
 Medidas 70x30x37 cms 
Incluye Marcador borrador 
 Incluye tizas 
",https://jugandoaprendemos.co,Story,2,9.44
13,Super Tobogí¡n en Madera,"Este fantástico tobogán de laberinto ayudará a tus pequeños a desarrollar las siguientes habilidades: 
Desarrolla la  creatividad 
Estimula la  capacidad ocular 
Desarrolla la  motricidad fina 
Entrena el  movimiento de las manos 
Aumenta su nivel de  percepción 
Especificaciones Técnicas: 
Hecho de madera 
Piezas de diferentes formas y colores 
Incluye canicas 
",https://jugandoaprendemos.co,Team,2,21.39
14,Quiero Ser,"Serán 6 maravillosos rompecabezas de profesión 6 en 1 para armar en casa mientras se divierten y desarrollan las siguientes habilidades: 
Motricidad fina  al momento de encajar cada una de las piezas para formar el rompecabezas completo 
 Identificar los motivos  promoviendo la memoria y la concentración 
 Desarrolla las habilidades cognitivas 
 Aumenta la creatividad 
Desarrolla  la percepción diferencial lógica 
 Coordinación mano-ojo  al momento de coger la pieza y llevarla al rompecabezas 
Especificaciones técnicas: 
Hecho completamente en madera 
Incluye 6 modelos para armar en un rompecabezas 
Contiene 9 cubos en madera 
Medidas: cms 
",https://jugandoaprendemos.co,Puzzle,2,6.94
15,Figuras Geométricas,"Juega y recupera las relaciones familiares con este hermoso rompecabezas que desarrollar las siguientes habilidades: 
Desarrolla  la motricidad fina  encajando cada una de las figuras geométricas 
Desarrolla  el pensamiento lógico matemático 
Desarrolla  las habilidades cognitivas  con el tacto de las piezas en madera 
Desarrolla  la coordinación ojo-mano 
Estimula  la creatividad y la concentración 
Para niños mayores de 6 años 
Especificaciones técnicas: 
Hecho en cartón resistente y madera 
Con diferentes motivos 
Incluye cartas 
",https://jugandoaprendemos.co,Puzzle,2,6.39
16,Bloques Creativos,"Este genial rompecabezas abstracto ayudará a tus pequeños a desarrollar las siguientes habilidades: 
Desarrollan su  habilidad cerebral 
Mejorar la c apacidad práctica 
Desarrollan la  coordinación mano-ojo 
Mejora  reconocimiento de colores 
Desarrollan la parte  cognitiva 
Estimula  su percepción 
Para niños mayores de 6 años 
Especificaciones Técnicas: 
Hecho en madera 
Piezas de diferentes formas y colores 
Contiene tarjetas 
medidas empaque: 23 x 11 
",https://jugandoaprendemos.co,Puzzle,1,5.56
17,Helicóptero para armar,"Este hermoso rompecabezas 3D en madera será el juego mas retador para desarrollar diferentes competencias y habilidades como: 
Desarrolla  la motricidad fina  encajando cada una de las piezas del rompecabezas 
Estimula la concentración y la paciencia 
Desarrolla  su capacidad de frustración 
Promueve el aprendizaje autónomo 
Estimula su capacidad de  análisis y sí­ntesis 
Para niños mayores de 6 años de edad. 
Especificaciones técnicas: 
Hecho completamente en madera 
Medidas: 31í—23 cms 
",https://jugandoaprendemos.co,Puzzle,2,5
18,Carro para armar,"Este hermoso rompecabezas 3D en madera será el juego mas retador para desarrollar diferentes competencias y habilidades como: 
Desarrolla  la motricidad fina  encajando cada una de las piezas del rompecabezas 
Estimula la concentración y la paciencia 
Desarrolla  su capacidad de frustración 
Promueve el aprendizaje autónomo 
Estimula su capacidad de  análisis y sí­ntesis 
Para niños mayores de 6 años de edad. 
Especificaciones técnicas: 
Hecho completamente en madera 
Medidas: 31í—23 cms 
",https://jugandoaprendemos.co,Puzzle,2,5
19,Pista de Carros,"Esta exclusiva pista didáctica de carros en madera mejora las habilidades lógicas mientras desarrolla las siguientes habilidades: 
Promueve  la tolerancia  ante las cosas 
Desarrolla  la coordinación mano-ojo  poniendo los carros en la pista 
Desarrolla  la imaginación y la concentración 
Desarrolla  la percepción frente al color 
Especificaciones técnicas: 
Hecho completamente en madera 
Incluye 3 carritos de madera 
Medidas: 21x22x10 cms 
",https://jugandoaprendemos.co,Team,2,12.78
20,Señores Números,"Aprende con estos números de animales divertidos. Podrás formar cualquier numero (10,1.000, 20.000, 30.000, etc) mientras desarrolla las siguientes habilidades: 
Desarrolla  el pensamiento lógico matemático  aprendiendo los números mientras se divierten 
Promueve  la concentración  al momento de ir formando los números 
Estimula  el aprendizaje autónomo  armando cualquier numero pero sin dejar de divertirse 
Desarrolla l as habilidades cognitivas  aprendiendo los colores y los animales 
Especificaciones técnicas: 
Hecho completamente en madera 
Incluye 6 piezas por cada numero 
Medida aproximada de la pieza: 4.8 x 3.5 cms 
Medidas caja: 20 x 9 cms 
",https://jugandoaprendemos.co,Team,2,3.06
21,Laberinto Didí¡ctico Animales,"Este hermoso didáctico laberinto imantado de animales le ayudará a tu hijo a desarrollar las siguientes habilidades: 
Desarrolla  la motricidad fina  llevando la bola del laberinto a su respectivo lugar 
Desarrolla  las habilidades cognitivas  identificando los colores de los animales 
Estimula  la imaginación y la concentración 
Desarrolla  el pensamiento lógico 
Especificaciones técnicas: 
1. Hecho completamente en madera 2. Animales como motivos 3. Palos imantado que sirven de guí­a 4. Medidas: 14í—14 cms",https://jugandoaprendemos.co,Skills,3,2.78
22,Ciudad para Contar,"Haz que se diviertan Jugando en esta entretenida base super ciudad bloques, este juego es diversión, además desarrollan: 
La  capacidad  de  asociación, 
La  motricidad fina  
La  competencia 
La  capacidad  mental  y  sensorial 
Elaboración de  estrategias y toma de decisiones  
Permite el desarrollo  cognitivo 
Identificar  formas y colores 
Para niños mayores de 3 años 
 Especificaciones Técnicas 
Ciudad de piso 
Incluye fichas 
Contiene bloques de casa y carros 
Hecho en madera y plástico 
Medidas tapete 50x60cm 
",https://jugandoaprendemos.co,Story,1,15.83
23,Laberinto Didí¡ctico,"Laberinto sol y luna es el juego mas especial que tendrá en sus primeros años. Ademas de ayudarlo a desarrollar las habilidades motrices también podrá: 
Potencia  las habilidades cognitivas  identificando los colores y las figuras que este tiene 
Estimula  la imaginación, la memoria y la concentración 
Desarrolla  la motricidad fina  pasando las figuras de lado a lado 
Especificaciones técnicas: 
Hecho en madera con laberinto de alambre 
Medidas didáctico: 14,5 cm ancho x 17 cm alto 
",https://jugandoaprendemos.co,Skills,1,10.83
24,Coloreando Pantuflas,"Especificaciones técnicas: 
Contiene 4 marcadores 
",https://jugandoaprendemos.co,Artist,3,13.06
25,Tetris Didí¡ctico,"Este hermoso tetris en madera es totalmente distinto a los demás. Consiste en poner todas las figuras en su respectivo sitio completando el rompecabezas. Definitivamente lo convertimos de un juego convencional a un juego didáctico, permitiendo desarrollar las siguientes habilidades: 
Desarrolla  la motricidad fina  al momento de encajar todas las piezas 
 Coordinación  Mano-ojo  al momento de coger la pieza y pasarla a la tabla de madera 
 Desarrolla  la percepción lógica 
 Desarrolla  las habilidades cognitivas  al identificar las figuras con sus respectivos colores 
 Estimula  la concentración  y la memoria 
Hecho completamente en madera.",https://jugandoaprendemos.co,Puzzle,1,5
26,Tejiendo Pulseras,"Este exclusivo juego didáctico vamos a hacer brazaletes le permite hacer cualquier tipo de manilla elevando su imaginación al máximo mientras aprende las siguientes habilidades: 
Desarrolla  la motricidad fina  haciendo los brazaletes 
Estimula  la imaginación y la concentración 
Promueve  el trabajo en equipo  mientras aprende en familia 
Desarrolla  la autoestima y el aprendizaje autónomo 
Especificaciones técnicas: 
Contiene 3 colores diferentes 
Contiene 8 brazaletes 
Instructivos para hacer brazaletes 
",https://jugandoaprendemos.co,Artist,3,7.5
27,Cubos para Imaginar y Crear,"Este fantástico rompecabezas muy colorido ayudará a tus pequeños a desarrollar las siguientes habilidades: 
Desarrollan su  habilidad cerebral 
Desarrollan la  coordinación mano-ojo 
Mejora  reconocimiento de formas y colores 
Desarrollan las parte  cognitiva 
Para niños mayores de 6 años 
Especificaciones Técnicas: 
Hecho totalmente en madera 
Piezas de diferentes colores 
Incluye cartas y manual 
16 piezas 
",https://jugandoaprendemos.co,Skills,1,7.78
28,Números,"Este didáctico desarrolla las habilidades del idioma ingles preparandolos para su educación formal. El juego consiste en unir la letra con la figura correcta. Ademas ayuda a desarrollar las siguientes habilidades: 
Desarrolla  el pensamiento critico  buscando independientemente la mejor figura para encajar 
Desarrolla  las habilidades cognitivas  identificando los colores y las letras 
Desarrolla  la coordinación mano-ojo  llevando cada letra a su lugar 
Estimula l a capacidad de  sí­ntesis  
Estimula  la capacidad de frustración 
Pre- desarrollo del lenguaje 
Estimulo sensorial  con las imágenes ilustrativas 
Especificaciones técnicas: 
Hecho en madera 
Contiene motivo de animales,medios de transporte y el alfabeto 
",https://jugandoaprendemos.co,Team,1,11.67
29,Letras,"Este didáctico desarrolla las habilidades del idioma ingles preparandolos para su educación formal. El juego consiste en unir la letra con la figura correcta. Ademas ayuda a desarrollar las siguientes habilidades: 
Desarrolla  el pensamiento critico  buscando independientemente la mejor figura para encajar 
Desarrolla  las habilidades cognitivas  identificando los colores y las letras 
Desarrolla  la coordinación mano-ojo  llevando cada letra a su lugar 
Estimula l a capacidad de  sí­ntesis  
Estimula  la capacidad de frustración 
Pre- desarrollo del lenguaje 
Estimulo sensorial  con las imágenes ilustrativas 
Especificaciones técnicas: 
Hecho en madera 
Contiene motivo de animales,medios de transporte y el alfabeto 
",https://jugandoaprendemos.co,Team,1,11.67
30,Juego de Pesca,"Este hermoso juego de pescar geométrico trae todos los peces para desarrollar habilidades motrices y ademas figuras geométricas. El juego consiste en sacar todos los peces con la vara pero sin olvidar aprender las figuras geométricas. Mientras se divierte aprende las siguientes habilidades: 
Desarrolla  la motricidad fina  sacando cada uno de los pecesitos 
Promueve  las habilidades cognitivas  identificando los colores 
Estimula  el pensamiento lógico  mientras encaja las figuras geométricas 
Desarrolla  la concentración y  la imaginación 
Promueve  el pensamiento  lógico  matemático 
Especificaciones técnicas: 
Hecho completamente en madera 
 5 figuras geométricas 
5 peces para pescar 
una vara de pescar con imán 
Medidas: 33x12x5 cms 
",https://jugandoaprendemos.co,Skills,1,9.17
31,Juego de Patrones,"Este hermoso y exclusivo 4 colores en madera promueve la autonomí­a y  las habilidades lógico-matemáticas.  El juego consiste en identificar y organizar los patrones en el tablero de madera con los colores y las figuras de las tarjetas antes de que  se acabe el tiempo , adicional de divertirse y desarrollar las siguientes habilidades: 
Desarrolla  la motricidad fina  llevando arriba y abajo los colores y las formas 
Desarrolla  el pensamiento lógico  acomodando las cartas de la forma correcta 
Desarrolla  las habilidades matemáticas 
Estimula  la imaginación y la creatividad 
Desarrolla  la coordinación mano-ojo 
Especificaciones técnicas: 
4 lineas con figuras triangulares, estrella, circulo y cuadrado 
18 tarjetas con colores de un lado y con figuras en el otro 
Reloj de arena 
Cada linea trae 3 cí­rculos en madera 
Medidas: 24 x 21 cms 
",https://jugandoaprendemos.co,Skills,3,9.17
32,Juego de enhebrar & ensartar,"Este increí­ble juego de enhebrar distintas figuras le permite desarrollar al máximo su concentración. Ademas ayuda a desarrollar las siguientes habilidades: 
Desarrolla  la motricidad fina  enhebrando cada una de las piezas 
Desarrolla  la concentración  mientras aprende a enhebrar 
Desarrolla  la coordinación mano-ojo 
Desarrolla  las habilidades cognitivas  identificando los colores y las formas 
Desarrolla  la imaginación 
Especificaciones técnicas: 
Hecho completamente en madera 
Incluye cordones para enhebrar 
Figuras surtidas 
",https://jugandoaprendemos.co,Skills,1,9.44
33,Jenga en Madera,"Este exclusivo jenga de colores será el mas amado por toda tu familia. El juego consiste en construir la torre. cada participante tendrá que quitar una pieza en su respectivo turno ¡Ganan los que no dejen caer la torre! Ayuda a desarrollar las siguientes habilidades: 
Desarrolla  las habilidades cognitivas  identificando los colores de la torre 
Desarrolla  la motricidad fina  sacando cada pieza del jenga 
Desarrolla  la coordinación mano-ojo 
Desarrolla  la concentración 
Especificaciones técnicas: 
Hecho completamente en madera 
Incluye 51 piezas 
Contiene Martillo y dados 
Incluye cartas 
",https://jugandoaprendemos.co,Team,2,12.22
34,Juego de Destreza: Equilibrio,"No existe un didáctico mas divertido para jugar en equipo que este. El juego consiste en organizar las esferas de acuerdo a las tarjetas guí­a. Ademas ayuda a desarrollar las siguientes habilidades: 
Desarrolla  la motricidad fina  encajando cada una de las esferas 
Desarrolla  las habilidades cognitivas  identificando los colores 
Desarrolla  la agilidad mental  al competir con otra persona 
Desarrolla  la concentración 
Desarrolla  la capacidad de frustración  ante el reto de acomodar las esferas de manera correcta 
Especificaciones técnicas: 
Hecho completamente en madera 
Contiene dos piezas de madera 
Medidas de cada pieza: 14í—14 cms 
Contiene 36 tarjetas 
",https://jugandoaprendemos.co,Team,3,14.72
35,Narremos en la Finca,"Este maravilloso encajable de animales de la granja aparte de ser muy divertido ayuda a desarrollar las siguientes habilidades: 
Desarrolla  la motricidad fina  encajando cada pieza en su respectivo lugar 
Estimula  la memoria  aprendiendo los nombres de los animales con sus colores 
Fortalece  las habilidades cognitivas 
Mejora  la coordinación mano-ojo 
Aumenta  la concentración 
Especificaciones técnicas: 
Hecho totalmente en madera 
Piezas contienen imanes 
Contiene 6 motivos 
Medidas caja : 21 x 16 cm 
",https://jugandoaprendemos.co,Story,1,15.56
36,Circuito Electrónico,"Este exclusivo juego de circuitos electrónicos ayudará a que tu hijo se enamore de la fí­sica y de la electrónica. El juego consiste en desarrollar los proyectos que el mismo juego sugiere para aprender divertidamente los diferentes circuitos. Además ayuda a desarrollar las siguientes habilidades: 
Desarrolla el pensamiento lógico  combinando cada estructura de la manera correcta 
Desarrolla  el pensamiento critico  evaluando cada uno de los circuitos 
Desarrolla  el juego de roles  convirtiéndose en todo un ingeniero 
Desarrolla  la imaginación y la creatividad 
Desarrolla  la concentración 
Especificaciones técnicas: 
Hecho en plástico ABS + Componentes eléctricos 
Medidas caja: 33 x 20 cms 
",https://jugandoaprendemos.co,Robots,1,17.5
37,Laberinto en el Mundo Redondo,"El objetivo es conseguir que la bola haga todo el recorrido desde el inicio hasta la lí­nea de meta. Su hijo con este juego aparte de divertirse puede desarrollar las siguientes habilidades: 
Pone a prueba la paciencia , debido a la dificultad del juguete 
Desarrolla  la destreza y la coordinación mano-ojo 
Mejora  la concentración 
Estimula  la fuerza de manos 
Desarrolla  las habilidades cognitivas 
Especificaciones técnicas: 
1. El producto es de 12 cms de diametro 2. La Esfera trae 100 pasos y 3 niveles 3. El material es Plastico ABS",https://jugandoaprendemos.co,Skills,3,5.56
38,Bloques para Crear,"¡construye lo que te imagines!  este hermoso didáctico de bloques en madera te permite crear lo que quieras. sus diferentes figuras en colores permiten desarrollar las habilidades cognitivas ademas: 
 Desarrolla  la percepción lógica  identificando cada figura y poniéndola en su lugar 
Desarrolla  las habilidades motrices 
Desarrolla  el equilibrio 
Desarrolla  la concentración  evitando que se caiga 
Estimula  la imaginación 
Estimula  la capacidad de frustración 
Para niños desde los 4 años de edad 
 
Especificaciones técnicas: 
Hecho completamente en madera 
contiene 150 bloques creativos 
",https://jugandoaprendemos.co,Team,3,11.11
39,Armatodo,"Este hermoso armatodo será el mas esperado por ellos. El juego consiste en armar múltiples formas con las herramientas mientras se divierte y aprende. Ayuda a mejorar la coordinación ojo-mano, las habilidades motoras finas, la paciencia, el pensamiento lógico y a resolver problemas. Promueve la importancia del trabajo en equipo, la colaboración y desarrolla habilidades sociales a través del juego interactivo. 
Además ayuda a mejorar las siguientes habilidades: 
Desarrolla  la motricidad fina  atornillando cada pieza 
Desarrolla  la percepción diferencial lógica 
Desarrolla el juego de roles  convirtiéndose en un ingeniero 
Desarrollan  la creatividad 
Desarrolla la  orientación espacial  al manejar conceptos como arriba, medio y abajo. 
Para niños mayores de 4 años de edad 
Especificaciones técnicas: 
Hecho en madera y plástico 
Contiene tornillos plásticos de colores 
Piezas de diferentes formas y colores 
Incluye llave para atornillar 
Medidas empaque: 22,5 x 22,5 x 11,5 
",https://jugandoaprendemos.co,Puzzle,2,18.61
40,Tapete,"
BOARD GAME FOR FAMILIES-- Ditch the TV, cellphone, computer, both parents and kids, begin a detective board game together to increase the parent-child interactive, reignite family night. Now keep your eyes open and focus on the game board. Flip over clues cards and find the same patterns in the board, from figures and letters to animals and characters. Collect the most pairs to win and share the magic memories along the way. 
SURPRISING TOYS FOR PARTY-- Share the card game toy in the next party, which must surprise guests with laugh out loud. Help children to make more friends, cultivate kids' social ability. Unparalleled board games for kids 3 and up. 
UNIQUE GAMING EXPERIENCE-- Support 2 and more player, multiple playing methods and combination of different props which make the tabletop game more interesting than others, bring a unparalleled gaming experience. Perfect toys for 3,4,5,6,7 years old children 
EDUCATIONAL TOYS-- VATOS board match game are perfect for every age, taste, and event, such as party, festival, preschool education, gifts. Improves FINE MOTOR skills, HAND-EYE COORDINATION, exercise observation Ability, cultivate memory by requiring your child to find out the patterns in the card in each round game. Excellent memory game. 
SAFE LEARNING TOY- The learning toy includes 1 game board (diameter: 56cm/22""), 1 hourglass, 60 clues cards, 60 detective rings, 12 detective marks. All the board game products are regularly safety tested and in compliance with all domestic and international toy safety regulations. Safe for kids. 
",amazon.com,Team,2,27.78
41,Un barquito para pintar,"
í€DIY Wood Sailboat Setí€‘You will get 8 Pack DIY Wood Sailboat,Blank Sailboat Models made of high pure wood, Non-TOXIC and safe, product size Approx. 13 x 6.8 cm/ 5.1 x2.7 inches, very light. Can be painted easily 
í€Simple Installationí€‘Just link the propeller together, insert the flag, then fix the propeller at tail of the deck by the rubber band, and fixed at the tail of the deck, then you can decorate by yourself 
í€Enhance Creativity Abilityí€‘Handmade Wooden Sailboat cultivate his imagination and creativity ability, Kids can assemble and color these puzzles themselves. Hours of educational and creative fun that is exciting and hands on for kids and adults alike,Great rainy day activity or a screentime alternative to help keep your kids occupied and having fun, Making them own DIY Mini Wood Sailboat 
í€Quality materialí€‘these lovely model sailboats are made of wood which is mild and non-toxic to skin, durable and sturdy to use, not easy to break, its edge has been polished, no burr, won't hurt your hands 
í€Perfect for giftsí€‘it can be a birthday, Christmas, thanksgiving gift, can be used for home decor.Easy to assemble: Connect the oars, put on rubber bands, hang flags, and then you can paint on the boat. 
",amazon.com,Artist,10,8.33
42,Juego de Cartas Swish,"
Trusted by Families Worldwide - With over 50 million sold, ThinkFun is the world's leader in brain and logic games. 
Develops critical skills - Fun gameplay develops thinking skills like logical reasoning and visual perception. 
What you get - Swish includes 60 What you get transparent swish cards, and a game-go bag for easy cleanup and storage. For 2+ players aged 8+. 
Clear instructions €“ Easy to learn with a clear, high quality instruction manual. You can start playing immediately! 
Award winner - Winner of the Parents' Choice Silver Award, Creative Child Magazine Preferred Choice Award and Major Fun Award, also a Toy of the Year Nominee in 2012. 
",amazon.com,Team,2,23.61
43,Mi primer libro (tela) x 2,"
í€NON-TOXIC &amp; DURABLE MATERIALí€‘Our durable cloth books are designed to outlast even the roughest toddlers! Handcrafted from soft polyester. Non-toxic, strong stitching, washable, and absolute security for your baby 
í€SET OF 2 CLOTH BABY BOOKSí€‘This baby soft cloth book set provides 6 themes with different words that baby can learn from. The soft pages include Alphabet World, Fruit Kingdom, Sea Creatures, I love food, Farm Animal, The Numbers 
í€SPECIAL DESIGN for BABYSí€‘If you want to catch baby's attention, this baby soft cloth book set will be a good choice. These books are perfectly sized for babies to hold and turn the pages by little hands. Baby first book teaches your little one how different things feel by touch with these bright colors and pictures soft books 
í€BEST EDUCATIONAL TOYí€‘Baby soft books are a wonderful way to stimulate important key skills, like language &amp; reading skills, communication skills, imagination, sensory skills, all. it's never too early to start reading to a child 
í€PERFECT GIFT FOR BOYS &amp; GIRLSí€‘Packed in a luxury gift box is an awesome gift for birthdays, holidays, Easter gifts and other special occasions for kids. Once children have a love for reading, it is a lifetime gift 
",amazon.com,Story,6,9.44
44,Dardos,"
í€High Quality and 100% Safe for Kids í€‘: Fun Family Games is exclusively made of 100% premium environmental BPA-free HEAVY DUTY PVC materials,quite durable ,Safe to babies health. 
í€Outdoor Sports For Kids and Adults í€‘:Inflatable toys like this can set-up easily be set-up in minutes. just open up the box, lay out the lawn darts mat, push some pegs into the corners to hold down if windy, you can use 3 rocket darts to shoot at the bullseye. The higher the score is the success. 
í€Play Anywhereí€‘:It is a great game in the backyard, beach, camping or family games, great portable family games to play anywhere. take it and use it for camping games, beach games or backyard games for hours of hilarious outdoor games fun. 
í€Help children growí€‘: This game blanket helps strengthen children's leg and arm muscles, as well as attention. This game pad can also make the development of the brain pleasing and enhance hand-eye coordination. The whole family can play together and bring happiness to the family. 
",amazon.com,Team,2,44.17
45,Rock Painting,"
ðŸŽ¨ROCK PAINTING KIT - Included 10 river rocks in assorted sizes and shapes(total 1000g),6 colors versatile acrylic paints,3 bags of glitter powder(2g), 2 bags of super clay(5g), 2 paint brushes,3 pairs of eyes of different sizes,1scratch sponge,1transfer sticker. Gift package size: 10.2*8.3*2.3inch. 
œï¸EASY &amp; EDUCATIONAL - Rock painting is is a fun arts and craft activity. It helps children identify colors, exercise their hand-eye coordination and hands-on ability, enhance the precision of their hand movements, and cultivate their patience and concentration. This rich painting kit makes it easier for children to play and promote Interaction between parents and children or friends. 
ðŸ‘ŒSAFE &amp; NON TOXIC MATERIAL - Our rock painting kit is safe and environmentally friendly, No odd flavor, toxin free powder. rocks are smooth and do not hurt your hands, other pigments kit which is safe and non-toxic for kids but easy to color. 
ðŸŽKIDS PARTY FAVOR GIFT - Best rock painting kit for kids ages 4-12, Let your kids have fun while building creative confidence! This kit also suitable for school classroom game art projects, classroom party favor, family crafts, gifts exchange, Christmas stocking stuffers, paint gift, birthday parties, and more! 
",amazon.com,Artist,2,26.11
46,Volcí¡n,"
EXCITING WAY TO LEARN: Inspiring young children to learn has never been more fun with this Playz STEM science kit that allows kids to learn about volcanoes eruptions, minerals, &amp; natural gases using acid based chemistry that will blow their minds away! Perfect fun &amp; hands on educational christmas or birthday gift for boys, girls, kids, &amp; teens Ages 8, 9, 10, 11, 12+ Years Old 
LOADED WITH VALUE: 22+ Tools, Ingredients, &amp; Parts combined with a fun and simple instructions book make for hours of fun education at home or in the classroom. 
EASY TO USE: The fact-filled colorful lab guide is full of pictures and information giving kids hours of fun in their own home made science lab! A fun way to educate kids has never been easier! 
ENGAGES THE MIND: This STEM set challenges the child's mind as they work through the detailed easy-to-follow instruction guide, learning about classroom subjects in a fun way. You will even see test grades improve as a result. STEM stands for Science, Technology, Engineering, Mathematics 
TRUST OUR PLAYZ PROMISE: Do your research! You know the quality you will get when purchasing a Playz product. If you are unhappy with your purchase, contact us at anytime for a refund. 
",amazon.com,Robots,1,48.89
47,Avioncito 360,"
Assemble and fly your own airplane with the PlaySTEAM Hula Loop Plane. 
Release the plane and watch it fly back to you in a perfect loop! 
Learn about how gravity and weight distribution can affect the direction of a plane. 
Ages 8+. No batteries required. 
",amazon.com,Skills,1,16.39
48,Velero,"
Product Dimensions: 6.9 x 4.9 x 1 inches ; 1 pounds 
Manufacturer recommended age: 14 years and up 
",amazon.com,Artist,5,18.33
49,Makey Makey,"
STEM FUN FOR ALL: No matter if your child is a budding engineer, computer wiz, or amateur inventor, JoyLabz invention kit will bring out their creativity in unique and fun ways. With thousands of possibilities to build, interact, and inspire, Makey Makey is the perfect science gift for ages 8 and up! 
EASY SETUP: Just plug, clip, and play! No programming knowledge needed or cumbersome software installation. With set up in seconds, your kid can dive right into inventing, whether at home or in the classroom. No software to install. Works with Mac, Windows, and Chromebook. 
CONNECT TO THE WORLD: Turn bananas into touchpads! Craft your own video game controller! Make musical circuits with items around the house! Makey Makey extends beyond the screen and brings engineering and coding concepts to life in exciting new ways. 
1000s OF POSSIBILITIES: A guaranteed boredom buster. If you can imagine it, you can make it! Unlike other electronic toys, the possibilities for experiments and creations are limitless. 
ABOUT JOYLABZ: We believe that everyone is creative, inventive, and imaginative. We believe that everyone can create the future and change the world. So we have dedicated our lives to making easy-to-use invention kits. 
",amazon.com,Robots,4,80
50,Despegando al Espacio. 6 proyectos.,"
œª DO YOU HAVE A SPACE CRAZY KID? Then look no further as he/she will love this kit. This Space box includes 6 activities - Make your own beautiful Solar System Mobile, Learn about the constellations by making a streamer, Make a magical kaleidoscope and see patterns in it, Learn how a rocket works by doing a simple science experiment, and Use Oreo cookies to lick off the cream and understand the different phases that the moon goes through during the month. (Only Recipe) 
œª A PERFECT GIFT €“ Science, Art and Craft, and a board game -- This box has it all! Gift your child hours of happiness! 
œª YOUR CHILD DESERVES THE BEST €“ This kit is designed by world renowned educational and learning experts! 
œª IDEAL STEM TOY €“ This kit encourages children to use their imagination, learn practical skills and build confidence 
",amazon.com,Robots,1,42.5
51,Un Barquito x 4,"
Novel handicraft: the diy wooded sailboats are available for painting, so you can draw some lovely and beautiful pictures on these boat models according to your preference, you can design a creative model boat with your own personal characteristics 
Quality material: these lovely model sailboats are made of wood which is mild and non-toxic to skin, durable and sturdy to use, not easy to break, its edge has been polished, no burr, won't hurt your hands 
Convenient to assemble: just link the propeller together, insert the flag, then fix the propeller at tail of the deck by the rubber band, you can get a lovable wooden sailboat, convenient to install and disassemble 
What you get: you will receive 8 pieces of wooden model sailboats, the dimensions are approx. 13.5 x 6.8 x 6 cm/ 5.3 x 2.7 x 2.4 inches, suitable size and nice toys for creating funny interactions between children and parents 
Diverse applications: these adorable wood sailboats can be practical tools for promoting practical ability and developing creativity, nice presents, prizes and decorations for birthday, holiday, festivals, carnivals and so on 
",amazon.com,Artist,10,9.17
52,Curling Game,"
TRULY, FAMILY FUN IS SO IMPORTANT, THIS KIDS GAME'S FOR THE WHOLE FAMILY, seriously, please check out our reviews. we're getting an overwhelming response that this is a game for the whole family. This table-top curling game, is a more-fun-than-it-looks kind of board game, and the kids will be more than delighted when you introduce this game to them if they've never played it before 
SUCH A FUN GAME FOR TEENS AND ADULTS ALIKE, the great thing is, you'll find its challenging enough that adults and kids can go head to head against each other, with no advantage either way. unless of course the kids have been practicing secretly and come out and beat all the mums, dads and the grandparents too. A truly wonderful family game 
FAST AND EASY SET-UP TABLE GAMES FOR FAMILY, AND IT PLAYS OH SO SMOOTH, the elite sportz curling game has ball-bearings inside the plastic ""stones"" and they do a great job of simulating the relative weight of the stones, while the surface is slippery enough to produce the ice-like effect of easily sending the stones too far. the kids will play this for hours as they get a feel for it 
SO COMPACT FOR STORAGE AND TRAVEL, this is such a nice compact travel fun game for kids or adult games night. takes up no space at all and includes a shiny rollout surface 47 inches long and 4 blue and 4 orange stones 
OUR PROMISE €“ We stand by and believe in our products! If you have any problems, contact us and we will offer you a full refund or replacement! 
",amazon.com,Team,1,32.78
53,Pluffle x2,"
SENSORY TOY: Playfoam Pluffle has a super-soft, fluffy texture that provides a sense of calm and relaxation. Run your hands through Playfoam Pluffle to see the magical €œalive, melting€ movement. Mix your favorite colors for an even more mesmerizing experience. 
SENSORY BIN FILLER: Create sensory bins for kids to scoop and dig while developing fine motor skills. The super-soft, fluffy texture also provides a sense of calm and relaxation. 
NEVER DRIES OUT! Playfoam Pluffle's non-toxic formula never dries out so the learning &amp; fun never end. 
SAFE &amp; NON-TOXIC: Playfoam Pluffle is non-toxic, gluten free, and nut free 
PERFECT FOR AGES 3 &amp; UP! Playfoam Pluffle is perfect for kiddos ages 3+ to scoop, dig and discover. Makes the perfect gift for boys and girls. 
",amazon.com,Artist,8,11.67
54,Libro con Sonidos: Roar at the Zoo!,"Press the buttons and roar along with your favorite zoo animals in this fun, noisy book! With 10 cool sound buttons, fun facts, full-color pictures and much more, this Discovery sound-and-reference book is a unique way for kids to learn about life at the zoo! Kids will love matching the sounds to the animals in this vibrant and interactive book.",amazon.com,Story,1,14.17
55,Juego de Dardos,"
í€Fun Game for Kids í€‘ This upgraded soft dart board adopts advanced printing and dyeing technology to provide up to 8 different colors of vivid deep-sea animal patterns and cute large fonts to attract lower age children's attention, make this game full of fun and challenges 
í€Learning Through Playing í€‘ There are various colors and patterns of this safe dart board set, helping your children to recognize the colors and animals through playing while exercising motor skills, hand-eye coordination, and mathematical ability, etc., to promote intellectual development 
í€Preferred Materialí€‘ This dart board game for kids made of meticulous Oxford is processed with exquisite craftsmanship, which makes it more durable, softer, and not easy to fade. The fluff on the surface of the sticky ball is softly treated and makes it easily stick to the dart board 
í€Parent-Child Interactioní€‘This safe dart board set comes with 9 strapped balls that your kids can play with friends to develop their social skills. Or you can play this preschool learning toy with your kids for parent-child interaction to makes the parent-child relationship closer 
í€Ideal Giftí€‘This soft dart board is an indispensable playmate for children. It is an ideal gift for parents to give children on Children's Day, birthday, and Christmas. We provide you with 100% customer service, if you have any questions about kids' dart board, please feel free to contact us via our customer service email. 
",amazon.com,Team,2,29.44
56,Paint your Own Rock Pets,"
Paint and personalize your own pet rocks 
Includes 6 paint pots and a paintbrush 
Makes for a great gift or Rainy day craft activity 
For indoor or outdoor display 
Contains everything you need to decorate 5 pet rocks 
",amazon.com,Artist,1,13.06
57,Tapete para Colorear con Acuarelas,"
[ 2 Games In 1 Package ] ðŸ‘ Aqua Magic Mat water doodle mat With these two enjoyable and beloved children's games, Aqua Magic Doodle Mat+ Snakes &amp; Ladders Board Game, your children will be playing for many hours. Unleash your child's imagination and creativity. 
[ Reusable Drawing Mat ] ðŸ‘ TooLiLa's drawing mat for kids is a mess-free reusable color mat for toddlers that doesn't use any ink. Simply fill up the ""markers"" with water, and let your children draw for hours. 
[ Perfect Gift ] ðŸ‘ Aqua Magic Doodle Mat + bonus board game Snakes &amp; Ladders, it's twice the fun for the price of one! A beautiful gift box makes it an excellent present for a boy or girl aged three and up! 
[ Safe&amp; Clean ] ðŸ‘ Ideal Educational Toy, you don't have to worry about kids coloring the floor, wall, bed, door, or themselves. No ink, No paint, Non-toxic, Non-polluting, No chemicals- ONLY water. 
[Art, Alphabet &amp; Numbers] ðŸ‘ Accessories Included: 3 markers, 4xstencil shapes, 6xEVA stencil, 6x rubber seals w/ sponge pad, booklet plus bonus Snakes &amp; Ladders. 
",amazon.com,Story,2,32.5
58,Kit de 15 Experimentos,"
[15 Interesting Experiment] Anpro scientific experiment kit that includes 15 experiments, each experiment has a corresponding instruction explanation, through the detailed operation steps and scientific principles to introduce different experimental steps, can cultivate children's creativity, at the same time can produce many exciting and interesting experiments, let the children have different found every day. 
[Multi-Functional Laboratory Package] : multi-function scientific experiment set can let the child experience different experiments, let the children have their own laboratories, themselves to create the effect of different experiment, stimulate curious by nature, meet children of scientists is yearning, cultivate the spirit of exploration ability and explore, cause long-term vision for the new things and improve the beginning ability. 
[Interesting Teaching Philosophy] Is in line with the teaching philosophy of STEAM. Through diversified and integrated education, children's thinking ability and creativity can be improved, so that they can learn a variety of knowledge and get a lot of education and enlightenment. 
[Safe and Non-Toxic] All the materials are environmentally friendly materials, customized for children, there is no risk, can let children have fun, learn at ease.(Note: it is only applicable to children over 6 years old. Parents should accompany the children during the experiment. The experimental materials should not touch the mouth, nose or eyes.) 
Our science lab kit comes in one package, and we believe your child will love this gift to satisfy their desire for science lab.It is also a great gift for Christmas, Easter, birthdays and other holidays. 
",amazon.com,Robots,3,26.11
59,Un Avioncito x 4,"
Creative handicraft: the wood planes can support for painting, you can draw some cute and beautiful pictures on these plane models according to your preference, you can design a creative model plane with your own personal characteristics 
Durable material: these lovely toy planes are made of wood which is mild and non-toxic to skin, durable and sturdy to use, not easy to break, the edge has been polished, no burr, so they won't hurt your hands 
Easy to assemble: the wooden model airplane contains 3 parts, the main body, front and rear wings, the body and rear wing are designed with some grooves which is convenient for you to install and disassemble, you can finish a plane just within 3 woods. When inserting the wing, you can swing the wing vertically to make it fit through the slot 
Package content: comes with 8 packs of wooden model airplanes which measure approx. 19.5 x 19.6 x 6.5 cm/ 7.68 x 7.72 x 2.6 inches, necessary tools for enhancing practical ability and developing creativity, nice toys for increasing funny interactions with families 
Multiple applications: these pleasant mood glider planes can be nice presents, prizes and decorations for birthday, holiday, festivals, carnivals and so on, a wonderful gift for you to show your love and concern.This model airplane belongs to handicraft, so not suitable for flying. 
",amazon.com,Artist,10,10
